lang	title	subtitle	link	donate	languages	br0	br1	br2	br3	br4	br5	br6	br7	discord	sgf_title_prefix	 sgf_youtube_link	sgf_file_link	sgf_file_link_katago	home_page	google_drive_01	google_drive_02	google_drive_03	google_drive_04	json_01	json_02	json_03	json_04	json_05	json_06	json_07	json_08	json_09	json_10	json_11	json_12	json_13	json_14	json_15	json_16	json_17	json_18	json_19	json_20
fr	Commentaire de partie de jeu de go	Site internet de la chaîne Youtube	Téléchargement des fichiers SGF	Me soutenir financièrement si vous pouvez	Langues disponibles : 	Bonjour et bienvenue !	Si tu es ici, c’est que tu viens de la chaîne YouTube. Merci !	Un espace Discord est à ta disposition. Tu peux venir y discuter, poser des questions, poster une de tes parties, etc.	Tu verras que ce serveur Discord comporte aussi des salons dédiés à d’autres langues, car mes vidéos sont doublées et sous-titrées dans de nombreuses langues et je souhaite offrir à tout le monde un espace d’échange. 	J’espère que nous pourrons échanger prochainement ensemble.	Rejoins le serveur Discord	Et bien sûr, si le contenu te plaît, abonne-toi et partage autour de toi.	Merci de ta présence, et bonne partie !	https://discord.gg/RdWjyftz	Partie commentée dans la vidéo 	Lien Youtube	Télécharger le fichier .sgf	Télécharger le fichier .sgf avec l'analyse katago	Page d'accueil de 19x19	Ci-dessous, la vidéo avec l'audio dans votre langue, et également les sous-titres dans votre langue. Cette vidéo est hébergée sur Google Drive, car Youtube n'autorise pas encore la chaîne youtube à ajouter des doublages audio. 	Lien vers le dossier Google Drive contenant toutes les vidéos avec doublage	Vous regardez la vidéo sur Google Drive ? Pensez quand même à laisser un pouce bleu sur YouTube !	Ci-dessous, la vidéo Youtube (sans le doublage audio dans votre langue, mais avec les sous-titres dans votre langue). J'espère que Youtube autorisera rapidement l'ajout de mes propres doublages audio.	Partie de go commentée	Niveau 1d FOX	Niveau 2d FOX	Niveau 3d FOX	Niveau 4d FOX	Niveau 5d FOX	Testez vos propres variations : 	Téléchargement du fichier avec l'analyse de Katago : 	Discussions spécifiques (sur Discord) sur cette partie : 	Informations sur la chaîne : 	Le salon Discord : 	2d FOX	3d FOX							
en	Commentary on Go game	Website of the Youtube channel	Download SGF files	Support me financially if you can	Available languages for audio dubbing and subtitles:	Message to Go players who speak english	All my videos are dubbed and subtitled in english, as well as in many other languages.	Since I’ve been playing Go, I’ve often lacked content in French, my native language. That’s what motivated me to make my videos available in as many languages as possible.	Preparing dubbing and subtitles in multiple languages is a significant amount of work for each video. Tell me where you’re watching from—it makes me happy to know that my work is useful on the other side of the world.	I’ve also created a Discord channel for each language: come say hello and meet other players who speak english.	Join the english channel on Discord	And of course, if you enjoy the content, subscribe and share it around.	Thank you for being here, and enjoy your game!	https://discord.gg/RdWjyftz	Commented game in the video 	YouTube link	Download the .sgf file	Download the .sgf file with katago analysis	Homepage of 19x19.win	Below is the video with audio in your language, as well as subtitles in your language. This video is hosted on Google Drive because YouTube does not yet allow the channel to add dubbed audio tracks.	Link to the Google Drive folder containing all the videos with dubbing	Watching the video on Google Drive? Don't forget to leave a thumbs up on YouTube!	Below is the YouTube video (without the audio dubbing in your language, but with subtitles in your language). I hope YouTube will soon allow me to add my own audio dubs.	Go game with commentary	1d on FOX	2d on FOX	3d on FOX	4d on FOX	5d on FOX	Test your own variations:	File download with KataGo analysis:	Specific discussions (on Discord) about this game:	Channel information:	The Discord channel:	2d FOX	3d FOX							
ru	Комментарий к партии в го	Веб‑сайт YouTube‑канала	Загрузка файлов SGF	Поддержите меня финансово, если можете	Доступные языки для дубляжа и субтитров:	Сообщение игрокам в Го, которые говорят по-русски	Все мои видео дублируются и снабжаются субтитрами на русском, а также на многих других языках.	С тех пор как я играю в Го, мне часто не хватало контента на французском, моём родном языке. Это и подтолкнуло меня сделать мои видео доступными на как можно большем числе языков.	Подготовка дубляжа и субтитров на нескольких языках — это большая работа для каждого видео. Напиши, откуда ты смотришь: мне будет приятно узнать, что моя работа полезна на другом конце света.	Для каждого языка у меня есть канал в Discord: заходи поздороваться и встретить других игроков, говорящих по-русски.	Присоединяйся к русскому каналу в Discord	И конечно, если тебе нравится контент, подписывайся и делись им с другими.	Спасибо, что ты здесь, и приятной партии!	https://discord.gg/RdWjyftz	Прокомментированная партия в видео 	Ссылка на YouTube	Ссылка на sgf	Скачать файл .sgf с анализом katago	Главная страница 19x19.win	Ниже — видео со звуком на вашем языке, а также с субтитрами на вашем языке. Это видео размещено на Google Drive, потому что YouTube пока не позволяет каналу добавлять дорожки дубляжа.	Ссылка на папку Google Диска со всеми озвученными видео	Смотрите видео на Google Диске? Всё равно не забудьте поставить лайк на YouTube!	Ниже — видео на YouTube (без дубляжа на вашем языке, но с субтитрами на вашем языке). Надеюсь, YouTube скоро позволит добавлять мои собственные дорожки дубляжа.	Комментированная партия го	1 дан на FOX	2 дан на FOX	3 дан на FOX	4 дан на FOX	5 дан на FOX	Проверьте свои варианты:	Скачивание файла с анализом KataGo:	Специальные обсуждения (в Discord) об этой партии:	Информация о канале:	Канал в Discord:	2d FOX	3d FOX							
de	Kommentar zu einer Go-Partie	Website des YouTube-Kanals	Herunterladen von SGF-Dateien	Unterstützen Sie mich finanziell, wenn Sie können	Verfügbare Sprachen für Synchronisation und Untertitel:	Nachricht an Go-Spielerinnen und -Spieler, die Deutsch sprechen	Alle meine Videos sind auf Deutsch synchronisiert und untertitelt – und außerdem in vielen weiteren Sprachen.	Seit ich Go spiele, habe ich oft Inhalte auf Französisch, meiner Muttersprache, vermisst. Das hat mich dazu gebracht, meine Videos in möglichst vielen Sprachen zugänglich zu machen.	Die Vorbereitung von Tonspur und Untertiteln in mehreren Sprachen bedeutet für jedes Video eine Menge Arbeit. Sag mir, von wo du zuschaust – ich freue mich zu wissen, dass meine Arbeit auch am anderen Ende der Welt nützlich ist.	Ich habe außerdem für jede Sprache einen Discord-Channel eingerichtet: Komm vorbei, sag hallo und triff andere Spielerinnen und Spieler, die Deutsch sprechen.	Tritt dem deutschen Kanal auf Discord bei	Und natürlich: Wenn dir die Inhalte gefallen, abonniere und teile sie weiter.	Danke, dass du da bist, und viel Spaß beim Spiel!	https://discord.gg/RdWjyftz	Kommentierte Partie im Video 	YouTube-Link	sgf-Link	Die .sgf-Datei mit katago-Analyse herunterladen	Startseite von 19x19.win	Unten finden Sie das Video mit Audio in Ihrer Sprache sowie Untertitel in Ihrer Sprache. Dieses Video wird auf Google Drive gehostet, da YouTube dem Kanal derzeit noch nicht erlaubt, synchronisierte Audiospuren hinzuzufügen.	Link zum Google-Drive-Ordner mit allen synchronisierten Videos	Sehen Sie sich das Video auf Google Drive an? Denken Sie trotzdem daran, auf YouTube einen Daumen hoch dalassen!	Unten finden Sie das YouTube-Video (ohne die Synchronfassung in Ihrer Sprache, aber mit Untertiteln in Ihrer Sprache). Ich hoffe, dass YouTube bald das Hinzufügen meiner eigenen Synchronfassungen erlaubt.	Kommentierte Go-Partie	1d auf FOX	2d auf FOX	3d auf FOX	4d auf FOX	5d auf FOX	Testen Sie Ihre eigenen Varianten:	Datei-Download mit KataGo-Analyse:	Spezifische Diskussionen (auf Discord) über diese Partie:	Informationen zum Kanal:	Der Discord-Kanal:	2d FOX	3d FOX							
pl	Komentarz do partii go	Strona internetowa kanału YouTube	Pobieranie plików SGF	Wesprzyjcie mnie finansowo, jeśli możecie	Dostępne języki dubbingu i napisów:	Wiadomość do graczy Go mówiących po polsku	Wszystkie moje filmy są dubbingowane i mają napisy po polsku, a także w wielu innych językach.	Odkąd gram w Go, często brakowało mi treści po francusku, moim ojczystym języku. To skłoniło mnie, by udostępniać moje filmy w jak największej liczbie języków.	Przygotowanie dubbingu i napisów w kilku językach to sporo pracy przy każdym filmie. Napisz, skąd oglądasz – będzie mi miło wiedzieć, że moja praca jest przydatna po drugiej stronie świata.	Na Discordzie mam kanał dla każdego języka: wpadnij się przywitać i poznaj innych graczy mówiących po polsku.	Dołącz do polskiego kanału na Discordzie	I oczywiście, jeśli podobają Ci się te treści, zasubskrybuj i podziel się nimi.	Dziękuję za obecność i udanych partii!	https://discord.gg/RdWjyftz	Partia z komentarzem w filmie 	Link do YouTube	Link do sgf	Pobierz plik .sgf z analizą katago	Strona główna 19x19.win	Poniżej znajduje się wideo z dźwiękiem w Państwa języku, a także napisy w Państwa języku. To wideo jest hostowane w usłudze Google Drive, ponieważ YouTube jeszcze nie pozwala kanałowi dodawać zdubbingowanych ścieżek audio.	Link do folderu na Dysku Google zawierającego wszystkie filmy z dubbingiem	Oglądasz film na Dysku Google? Mimo wszystko nie zapomnij zostawić łapki w górę na YouTube!	Poniżej znajduje się wideo na YouTube (bez dubbingu audio w Państwa języku, ale z napisami w Państwa języku). Mam nadzieję, że YouTube wkrótce pozwoli dodawać moje własne ścieżki dubbingu audio.	Komentowana partia go	1d na FOX	2d na FOX	3d na FOX	4d na FOX	5d na FOX	Przetestuj własne warianty:	Pobieranie pliku z analizą KataGo:	Specyficzne dyskusje (na Discordzie) o tej partii:	Informacje o kanale:	Kanał na Discordzie:	2d FOX	3d FOX							
cs	Komentář k partii go	Webové stránky kanálu YouTube	Stahování souborů SGF	Podpořte mě finančně, pokud můžete	Dostupné jazyky pro dabing a titulky:	Zpráva pro hráče Go, kteří mluví česky	Všechna má videa jsou nadabovaná a otitulkovaná v češtině, a také v mnoha dalších jazycích.	Od té doby, co hraju Go, mi často chyběl obsah ve francouzštině, mém rodném jazyce. To mě přimělo zpřístupnit má videa v co největším počtu jazyků.	Připravit dabing a titulky v několika jazycích představuje pro každé video spoustu práce. Napiš mi, odkud se díváš – potěší mě vědět, že má práce pomáhá i na druhém konci světa.	Pro každý jazyk mám na Discordu kanál: přijď pozdravit a potkat další hráče, kteří mluví česky.	Přidej se na český kanál na Discordu	A samozřejmě, pokud se ti obsah líbí, odebírej a sdílej ho dál.	Díky, že tu jsi, a příjemnou hru!	https://discord.gg/RdWjyftz	Komentovaná partie ve videu 	Odkaz na YouTube	Odkaz na sgf	Stáhnout soubor .sgf s analýzou katago	Domovská stránka 19x19.win	Níže je video se zvukem ve vašem jazyce a také titulky ve vašem jazyce. Toto video je hostované na Google Drive, protože YouTube zatím kanálu neumožňuje přidávat dabované zvukové stopy.	Odkaz na složku na Disku Google obsahující všechna dabovaná videa	Sledujete video na Disku Google? I tak nezapomeňte dát na YouTube palec nahoru!	Níže je video na YouTube (bez dabingu ve vašem jazyce, ale s titulky ve vašem jazyce). Doufám, že YouTube brzy umožní přidávat mé vlastní dabingové zvukové stopy.	Komentovaná partie go	1d na FOXu	2d na FOXu	3d na FOXu	4d na FOXu	5d na FOXu	Vyzkoušejte své vlastní varianty:	Stahování souboru s analýzou KataGo:	Specifické diskuze (na Discordu) o této partii:	Informace o kanálu:	Kanál na Discordu:	2d FOX	3d FOX							
uk	Коментар до партії в го	Вебсайт YouTube-каналу	Завантаження файлів SGF	Підтримайте мене фінансово, якщо можете	Доступні мови для дубляжу та субтитрів:	Повідомлення гравцям у Го, які говорять українською	Усі мої відео дубльовані та містять субтитри українською, а також багатьма іншими мовами.	Відтоді як я граю в Го, мені часто бракувало контенту французькою, моєю рідною мовою. Саме це спонукало мене зробити мої відео доступними якомога більшою кількістю мов.	Підготовка дубляжу та субтитрів кількома мовами — це значний обсяг роботи для кожного відео. Напиши, звідки ти дивишся: мені буде приємно знати, що моя робота корисна на іншому краю світу.	У мене також є канал Discord для кожної мови: заходь привітатися та познайомитися з іншими гравцями, які говорять українською.	Приєднуйся до українського каналу в Discord	І звісно, якщо тобі подобається контент, підписуйся та ділися ним з іншими.	Дякую, що ти тут, і гарної партії!	https://discord.gg/RdWjyftz	Прокоментована партія у відео 	Посилання на YouTube	Посилання на sgf	Завантажити файл .sgf з аналізом katago	Головна сторінка 19x19.win	Нижче — відео з аудіо вашою мовою, а також із субтитрами вашою мовою. Це відео розміщено на Google Drive, оскільки YouTube поки що не дозволяє каналу додавати дубльовані аудіодоріжки.	Посилання на папку Google Диска з усіма озвученими відео	Дивитеся відео на Google Диску? Все одно не забудьте поставити лайк на YouTube!	Нижче — відео на YouTube (без дубляжу вашою мовою, але з субтитрами вашою мовою). Сподіваюся, YouTube незабаром дозволить додавати мої власні доріжки дубляжу.	Коментована партія го	1 дан на FOX	2 дан на FOX	3 дан на FOX	4 дан на FOX	5 дан на FOX	Перевірте власні варіанти:	Завантаження файлу з аналізом KataGo:	Специфічні обговорення (у Discord) щодо цієї партії:	Інформація про канал:	Канал у Discord:	2d FOX	3d FOX							
es	Comentario de una partida de go	Sitio web del canal de YouTube	Descarga de archivos SGF	Apóyeme económicamente si puede	Idiomas disponibles para el doblaje y los subtítulos:	Mensaje para jugadoras y jugadores de Go que hablan español	Todos mis vídeos están doblados y subtitulados en español, así como en muchos otros idiomas.	Desde que juego al Go, a menudo he echado en falta contenidos en francés, mi lengua materna. Eso fue lo que me llevó a hacer que mis vídeos estén disponibles en el mayor número de idiomas posible.	Preparar el doblaje y los subtítulos en varios idiomas supone mucho trabajo para cada vídeo. Cuéntame desde dónde nos ves: me hará ilusión saber que mi trabajo es útil al otro lado del mundo.	También he creado un canal de Discord para cada idioma: ven a saludar y a conocer a otras jugadoras y otros jugadores que hablan español.	Únete al canal en español en Discord	Y por supuesto, si te gusta el contenido, suscríbete y compártelo.	¡Gracias por estar aquí y buena partida!	https://discord.gg/RdWjyftz	Partida comentada en el vídeo 	Enlace de YouTube	Enlace a sgf	Descargar el archivo .sgf con el análisis de katago	Página de inicio de 19x19.win	A continuación, el vídeo con el audio en su idioma y también los subtítulos en su idioma. Este vídeo está alojado en Google Drive porque YouTube todavía no permite al canal añadir doblajes de audio.	Enlace a la carpeta de Google Drive que contiene todos los vídeos doblados	¿Estás viendo el vídeo en Google Drive? Aun así, no olvides dejar un 'me gusta' en YouTube!	A continuación, el vídeo de YouTube (sin el doblaje de audio en su idioma, pero con subtítulos en su idioma). Espero que YouTube permita pronto añadir mis propios doblajes de audio.	Partida de go comentada	1d en FOX	2d en FOX	3d en FOX	4d en FOX	5d en FOX	Prueba tus propias variantes:	Descarga del archivo con el análisis de KataGo:	Discusiones específicas (en Discord) sobre esta partida:	Información del canal:	El canal de Discord:	2d FOX	3d FOX							
es-419	Comentario de una partida de go	Página web del canal de YouTube	Descarga de archivos SGF	Apóyenme económicamente si pueden	Idiomas disponibles para doblaje y subtítulos:	Mensaje para jugadores y jugadoras de Go que hablan español	Todos mis videos están doblados y subtitulados en español, además de en muchos otros idiomas.	Desde que juego al Go, muchas veces he extrañado contenido en francés, mi lengua materna. Eso fue lo que me llevó a que mis videos estén disponibles en la mayor cantidad de idiomas posible.	Preparar el doblaje y los subtítulos en varios idiomas implica mucho trabajo para cada video. Cuéntame desde dónde estás mirando: me dará gusto saber que mi trabajo es útil al otro lado del mundo.	También creé un canal de Discord para cada idioma: ven a saludar y a conocer a otros jugadores y jugadoras que hablan español.	Únete al canal en español en Discord	Y, por supuesto, si te gusta el contenido, suscríbete y compártelo.	¡Gracias por estar aquí y que disfrutes la partida!	https://discord.gg/RdWjyftz	Partida comentada en el video 	Enlace de YouTube	Enlace a sgf	Descargar el archivo .sgf con el análisis de katago	Página de inicio de 19x19.win	A continuación, el video con el audio en su idioma y también los subtítulos en su idioma. Este video está alojado en Google Drive porque YouTube todavía no le permite al canal agregar doblajes de audio.	Enlace a la carpeta de Google Drive que contiene todos los videos doblados	¿Estás viendo el video en Google Drive? Aun así, no olvides dejar un 'me gusta' en YouTube!	A continuación, el video de YouTube (sin el doblaje de audio en su idioma, pero con subtítulos en su idioma). Espero que YouTube permita pronto agregar mis propios doblajes de audio.	Partida de go comentada	1d en FOX	2d en FOX	3d en FOX	4d en FOX	5d en FOX	Prueba tus propias variantes:	Descarga del archivo con el análisis de KataGo:	Discusiones específicas (en Discord) sobre esta partida:	Información del canal:	El canal de Discord:	2d FOX	3d FOX							
pt-BR	Comentário de uma partida de go	Site do canal no YouTube	Download de arquivos SGF	Me apoie financeiramente, se puder	Idiomas disponíveis para dublagem e legendas:	Mensagem para jogadores e jogadoras de Go que falam português	Todos os meus vídeos são dublados e legendados em português, além de em muitos outros idiomas.	Desde que jogo Go, muitas vezes senti falta de conteúdo em francês, minha língua materna. Foi isso que me levou a tornar meus vídeos acessíveis no maior número de idiomas possível.	Preparar dublagem e legendas em vários idiomas dá bastante trabalho para cada vídeo. Diga de onde você está assistindo: vou ficar feliz em saber que meu trabalho é útil do outro lado do mundo.	Também criei um canal no Discord para cada idioma: venha dizer oi e conhecer outros jogadores e jogadoras que falam português.	Entre no canal em português no Discord	E, claro, se você gostar do conteúdo, inscreva-se e compartilhe.	Obrigado(a) pela presença e boa partida!	https://discord.gg/RdWjyftz	Partida comentada no vídeo 	Link do YouTube	Link sgf	Baixar o arquivo .sgf com a análise do katago	Página inicial de 19x19.win	Abaixo, o vídeo com áudio no seu idioma e também as legendas no seu idioma. Este vídeo está hospedado no Google Drive porque o YouTube ainda não permite que o canal adicione dublagens de áudio.	Link para a pasta do Google Drive que contém todos os vídeos dublados	Assistindo ao vídeo no Google Drive? Mesmo assim, não se esqueça de deixar um like no YouTube!	Abaixo, o vídeo do YouTube (sem a dublagem em seu idioma, mas com legendas em seu idioma). Espero que o YouTube permita em breve adicionar minhas próprias dublagens de áudio.	Partida de Go comentada	1d no FOX	2d no FOX	3d no FOX	4d no FOX	5d no FOX	Teste suas próprias variações:	Download do arquivo com a análise do KataGo:	Discussões específicas (no Discord) sobre esta partida:	Informações do canal:	O canal do Discord:	2d FOX	3d FOX							
pt-PT	Comentário a uma partida de go	Sítio do canal do YouTube	Transferência de ficheiros SGF	Apoie-me financeiramente, se puder	Idiomas disponíveis para dobragem e legendas:	Mensagem para jogadores e jogadoras de Go que falam português	Todos os meus vídeos estão dobrados e legendados em português, assim como em muitas outras línguas.	Desde que jogo Go, muitas vezes senti falta de conteúdos em francês, a minha língua materna. Foi isso que me levou a tornar os meus vídeos acessíveis no maior número de línguas possível.	Preparar dobragem e legendas em várias línguas dá bastante trabalho em cada vídeo. Diz-me de onde estás a ver: vai deixar-me feliz saber que o meu trabalho é útil no outro lado do mundo.	Também criei um canal no Discord para cada língua: vem dizer olá e conhecer outros jogadores e jogadoras que falam português.	Junta-te ao canal em português no Discord	E, claro, se gostares do conteúdo, subscreve e partilha.	Obrigado/a pela presença e boa partida!	https://discord.gg/RdWjyftz	Partida comentada no vídeo 	Ligação do YouTube	Ligação sgf	Transferir o ficheiro .sgf com a análise do katago	Página inicial de 19x19.win	Em baixo, o vídeo com áudio no seu idioma, e também as legendas no seu idioma. Este vídeo está alojado no Google Drive porque o YouTube ainda não permite que o canal adicione dobragens de áudio.	Ligação para a pasta do Google Drive que contém todos os vídeos dobrados	A ver o vídeo no Google Drive? Ainda assim, não te esqueças de deixar um like no YouTube!	Em baixo, o vídeo do YouTube (sem a dobragem no seu idioma, mas com legendas no seu idioma). Espero que o YouTube permita em breve adicionar as minhas próprias dobragens de áudio.	Partida de Go comentada	1d no FOX	2d no FOX	3d no FOX	4d no FOX	5d no FOX	Teste as suas próprias variações:	Transferência do ficheiro com a análise do KataGo:	Discussões específicas (no Discord) sobre esta partida:	Informações do canal:	O canal do Discord:	2d FOX	3d FOX							
it	Commento a una partita di go	Sito web del canale YouTube	Download dei file SGF	Mi sostenga finanziariamente, se può	Lingue disponibili per i doppiaggi e i sottotitoli:	Messaggio alle giocatrici e ai giocatori di Go che parlano italiano	Tutti i miei video sono doppiati e sottotitolati in italiano, oltre che in molte altre lingue.	Da quando gioco a Go, spesso mi sono mancati contenuti in francese, la mia lingua madre. È questo che mi ha spinto a rendere i miei video disponibili nel maggior numero possibile di lingue.	Preparare doppiaggio e sottotitoli in più lingue richiede molto lavoro per ogni video. Dimmi da dove stai guardando: mi farà piacere sapere che il mio lavoro è utile dall’altra parte del mondo.	Ho anche creato un canale Discord per ogni lingua: vieni a salutare e a incontrare altre giocatrici e altri giocatori che parlano italiano.	Unisciti al canale italiano su Discord	E naturalmente, se il contenuto ti piace, iscriviti e condividilo.	Grazie per la tua presenza e buona partita!	https://discord.gg/RdWjyftz	Partita commentata nel video 	Link YouTube	Link sgf	Scarica il file .sgf con l'analisi di katago	Pagina iniziale di 19x19.win	Di seguito il video con l’audio nella sua lingua e anche i sottotitoli nella sua lingua. Questo video è ospitato su Google Drive perché YouTube non consente ancora al canale di aggiungere doppiaggi audio.	Link alla cartella di Google Drive che contiene tutti i video doppiati	Stai guardando il video su Google Drive? Ricordati comunque di lasciare un like su YouTube!	Di seguito il video di YouTube (senza il doppiaggio audio nella sua lingua, ma con i sottotitoli nella sua lingua). Spero che YouTube consenta presto di aggiungere i miei doppiaggi audio.	Partita di go commentata	1d su FOX	2d su FOX	3d su FOX	4d su FOX	5d su FOX	Prova le tue varianti:	Download del file con l'analisi di KataGo:	Discussioni specifiche (su Discord) su questa partita:	Informazioni sul canale:	Il canale Discord:	2d FOX	3d FOX							
nl	Commentaar op een go-partij	Website van het YouTube-kanaal	Download van SGF-bestanden	Steun me financieel als u kunt	Beschikbare talen voor nasynchronisatie en ondertitels:	Bericht aan Go-spelers die Nederlands spreken	Al mijn video’s zijn nagesynchroniseerd en ondertiteld in het Nederlands, en ook in veel andere talen.	Sinds ik Go speel, heb ik vaak content in het Frans, mijn moedertaal, gemist. Dat heeft me ertoe gebracht mijn video’s in zoveel mogelijk talen beschikbaar te maken.	Het voorbereiden van nasynchronisatie en ondertitels in meerdere talen is voor elke video een flinke klus. Laat me weten van waar je kijkt: ik vind het leuk te weten dat mijn werk ook aan de andere kant van de wereld van nut is.	Ik heb ook voor elke taal een Discord-kanaal aangemaakt: kom hallo zeggen en ontmoet andere spelers die Nederlands spreken.	Sluit je aan bij het Nederlandstalige kanaal op Discord	En natuurlijk, als je de content waardeert, abonneer je dan en deel hem.	Bedankt voor je aanwezigheid en veel plezier met de partij!	https://discord.gg/RdWjyftz	Becommentarieerde partij in de video 	YouTube-link	sgf-link	Download het .sgf-bestand met katago-analyse	Startpagina van 19x19.win	Hieronder staat de video met audio in uw taal en ook ondertitels in uw taal. Deze video wordt gehost op Google Drive, omdat YouTube het kanaal nog niet toestaat om nagesynchroniseerde audiosporen toe te voegen.	Link naar de Google Drive-map met alle nagesynchroniseerde video's	Kijk je de video op Google Drive? Vergeet toch niet om een duimpje omhoog op YouTube achter te laten!	Hieronder staat de YouTube-video (zonder nagesynchronisatie in uw taal, maar met ondertitels in uw taal). Ik hoop dat YouTube snel toestaat mijn eigen nagesynchroniseerde audiotracks toe te voegen.	Go-partij met commentaar	1d op FOX	2d op FOX	3d op FOX	4d op FOX	5d op FOX	Test je eigen varianten:	Bestand downloaden met de analyse van KataGo:	Specifieke discussies (op Discord) over deze partij:	Informatie over het kanaal:	Het Discord-kanaal:	2d FOX	3d FOX							
hu	Kommentár egy go-partihoz	A YouTube-csatorna weboldala	SGF fájlok letöltése	Támogasson anyagilag, ha tud	Elérhető nyelvek a szinkronhoz és a feliratokhoz:	Üzenet azoknak a Go-játékosoknak, akik magyarul beszélnek	Minden videóm elérhető magyar szinkronnal és felirattal, valamint számos más nyelven is.	Amióta Go-zom, gyakran hiányoltam a francia nyelvű tartalmat, ami az anyanyelvem. Ez késztetett arra, hogy a videóimat a lehető legtöbb nyelven hozzáférhetővé tegyem.	Több nyelvű szinkron és felirat elkészítése videónként jelentős munka. Írd meg, honnan nézed: örömmel tölt el, ha tudom, hogy a munkám a világ másik felén is hasznos.	Minden nyelvnek készítettem egy Discord-csatornát is: gyere köszönni, és ismerkedj meg más magyarul beszélő játékosokkal.	Csatlakozz a magyar csatornához a Discordon	És persze, ha tetszik a tartalom, iratkozz fel és oszd meg másokkal.	Köszönöm, hogy itt vagy, és jó játékot!	https://discord.gg/RdWjyftz	Kommentált parti a videóban 	YouTube-link	sgf-link	A .sgf fájl letöltése katago elemzéssel	A 19x19.win kezdőlapja	Alább található a videó a saját nyelvén elérhető hanggal, valamint a saját nyelvén elérhető feliratokkal. Ezt a videót a Google Drive tárolja, mert a YouTube egyelőre nem teszi lehetővé a csatorna számára, hogy szinkronizált hangsávokat adjon hozzá.	Hivatkozás a Google Drive-mappára, amely az összes szinkronizált videót tartalmazza	A Google Drive-on nézed a videót? Azért ne felejts el egy lájkot nyomni a YouTube-on!	Alább található a YouTube-videó (nincs szinkron a saját nyelvén, de vannak feliratok a saját nyelvén). Remélem, a YouTube hamarosan engedélyezi, hogy hozzáadjam a saját szinkronsávjaimat.	Kommentált go-parti	1d a FOX-on	2d a FOX-on	3d a FOX-on	4d a FOX-on	5d a FOX-on	Teszteld a saját változataidat:	Fájl letöltése KataGo-elemzéssel:	Speciális beszélgetések (Discordon) erről a játszmáról:	A csatorna adatai:	A Discord-csatorna:	2d FOX	3d FOX							
ro	Comentariu la o partidă de go	Site-ul canalului YouTube	Descărcarea fișierelor SGF	Sprijiniți-mă financiar, dacă puteți	Limbi disponibile pentru dublaj audio și subtitrări:	Mesaj pentru jucătoarele și jucătorii de Go care vorbesc română	Toate videoclipurile mele sunt dublate și subtitrate în română, precum și în multe alte limbi.	De când joc Go, mi-au lipsit adesea conținuturi în franceză, limba mea maternă. Asta m-a determinat să fac videoclipurile mele accesibile în cât mai multe limbi.	Pregătirea dublajului și a subtitrărilor în mai multe limbi înseamnă multă muncă pentru fiecare videoclip. Spune-mi de unde urmărești: mă bucură să știu că munca mea este utilă și la celălalt capăt al lumii.	Am creat și un canal de Discord pentru fiecare limbă: vino să saluți și să cunoști alți jucători și jucătoare care vorbesc română.	Alătură-te canalului în română pe Discord	Și, bineînțeles, dacă îți place conținutul, abonează-te și distribuie-l.	Mulțumesc că ești aici și partidă plăcută!	https://discord.gg/RdWjyftz	Partidă comentată în videoclip 	Link YouTube	Link sgf	Descărcați fișierul .sgf cu analiza katago	Pagina principală a 19x19.win	Mai jos găsiți videoclipul cu audio în limba dvs., precum și subtitrări în limba dvs. Acest videoclip este găzduit pe Google Drive, deoarece YouTube încă nu permite canalului să adauge dublaje audio.	Link către folderul Google Drive care conține toate videoclipurile dublate	Te uiți la videoclipul pe Google Drive? Totuși, nu uita să lași un like pe YouTube!	Mai jos găsiți videoclipul de pe YouTube (fără dublaj audio în limba dvs., dar cu subtitrări în limba dvs.). Sper ca YouTube să permită în curând adăugarea propriilor mele dublaje audio.	Partidă de go comentată	1d pe FOX	2d pe FOX	3d pe FOX	4d pe FOX	5d pe FOX	Testează-ți propriile variante:	Descărcarea fișierului cu analiza KataGo:	Discuții specifice (pe Discord) despre această partidă:	Informații despre canal:	Canalul de Discord:	2d FOX	3d FOX							
tr	Bir go oyunu yorumu	YouTube kanalının web sitesi	SGF dosyalarının indirilmesi	Mümkünse beni maddi olarak destekleyin	Dublaj ve altyazılar için mevcut diller:	Türkçe konuşan Go oyuncularına mesaj	Tüm videolarım Türkçe dublajlı ve altyazılıdır; ayrıca birçok başka dilde de mevcuttur.	Go oynamaya başladığımdan beri ana dilim Fransızcada içerik sıkça eksikti. Bu da videolarımı olabildiğince çok dilde erişilebilir yapmama vesile oldu.	Birden fazla dilde dublaj ve altyazı hazırlamak her video için ciddi bir emek gerektiriyor. Nereden izlediğini söyle: Dünyanın öbür ucunda da işe yaradığını bilmek beni mutlu eder.	Her dil için bir Discord kanalı da oluşturdum: gel, selam ver ve Türkçe konuşan diğer oyuncularla tanış.	Discord’daki Türkçe kanala katıl	Ve tabii, içerik hoşuna gidiyorsa abone ol ve paylaş.	Burada olduğun için teşekkürler, iyi oyunlar!	https://discord.gg/RdWjyftz	Videoda yorumlu oyun 	YouTube bağlantısı	sgf bağlantısı	.sgf dosyasını katago analiziyle indir	19x19.win ana sayfası	Aşağıda kendi dilinizde sesli video ve yine kendi dilinizde altyazılar yer alıyor. Bu video, YouTube henüz kanalın dublajlı ses parçaları eklemesine izin vermediği için Google Drive’da barındırılıyor.	Dublajlı tüm videoları içeren Google Drive klasörünün bağlantısı	Videoyu Google Drive'da mı izliyorsunuz? Yine de YouTube'da beğeni bırakmayı unutmayın!	Aşağıda YouTube videosu (kendi dilinizde dublajlı ses yok, ancak kendi dilinizde altyazılar var). Umarım YouTube yakında kendi dublajlı ses parçalarımı eklememe izin verir.	Yorumlu Go oyunu	FOX'ta 1d	FOX'ta 2d	FOX'ta 3d	FOX'ta 4d	FOX'ta 5d	Kendi varyasyonlarınızı test edin:	KataGo analiziyle dosya indirme:	Bu oyun hakkında (Discord'da) özel tartışmalar:	Kanal bilgileri:	Discord kanalı:	2d FOX	3d FOX							
vi	Bình luận ván cờ vây	Trang web của kênh YouTube	Tải xuống tệp SGF	Nếu có thể, hãy hỗ trợ tôi về mặt tài chính	Ngôn ngữ có sẵn cho lồng tiếng và phụ đề:	Thông điệp gửi đến những người chơi Go nói tiếng Việt	Tất cả video của tôi đều được lồng tiếng và phụ đề bằng tiếng Việt, cũng như bằng nhiều ngôn ngữ khác.	Kể từ khi chơi Go, tôi thường thiếu nội dung bằng tiếng Pháp, ngôn ngữ mẹ đẻ của tôi. Điều đó đã thôi thúc tôi khiến các video của mình có sẵn bằng nhiều ngôn ngữ nhất có thể.	Việc chuẩn bị lồng tiếng và phụ đề bằng nhiều ngôn ngữ là một khối lượng công việc lớn cho mỗi video. Hãy cho tôi biết bạn đang xem từ đâu: tôi sẽ rất vui khi biết rằng công việc của mình hữu ích ở bên kia địa cầu.	Tôi cũng đã tạo một kênh Discord cho từng ngôn ngữ: hãy vào chào và gặp gỡ những người chơi khác nói tiếng Việt.	Tham gia kênh tiếng Việt trên Discord	Và tất nhiên, nếu bạn thích nội dung này, hãy đăng ký và chia sẻ.	Cảm ơn bạn đã đồng hành, chúc bạn chơi vui!	https://discord.gg/RdWjyftz	Ván đấu có bình luận trong video 	Liên kết YouTube	Liên kết sgf	Tải xuống tệp .sgf với phân tích katago	Trang chủ của 19x19.win	Bên dưới là video có âm thanh bằng ngôn ngữ của bạn, cùng với phụ đề bằng ngôn ngữ của bạn. Video này được lưu trữ trên Google Drive vì YouTube hiện vẫn chưa cho phép kênh thêm các bản âm thanh lồng tiếng.	Liên kết đến thư mục Google Drive chứa tất cả các video lồng tiếng	Bạn đang xem video trên Google Drive? Dù vậy, đừng quên để lại một lượt thích trên YouTube!	Bên dưới là video YouTube (không có lồng tiếng bằng ngôn ngữ của bạn, nhưng có phụ đề bằng ngôn ngữ của bạn). Tôi hy vọng YouTube sẽ sớm cho phép tôi thêm các bản âm thanh lồng tiếng của riêng mình.	Ván cờ vây có bình luận	1d trên FOX	2d trên FOX	3d trên FOX	4d trên FOX	5d trên FOX	Hãy thử các biến thể của bạn:	Tải xuống tệp kèm phân tích của KataGo:	Thảo luận cụ thể (trên Discord) về ván cờ vây này:	Thông tin kênh:	Kênh Discord:	2d FOX	3d FOX							
id	Komentar permainan go	Situs web kanal YouTube	Pengunduhan berkas SGF	Dukung saya secara finansial jika Anda bisa	Bahasa yang tersedia untuk sulih suara dan subtitle:	Pesan untuk para pemain Go yang berbahasa Indonesia	Semua video saya didubbing dan diberi subtitle dalam bahasa Indonesia, serta dalam banyak bahasa lainnya.	Sejak saya bermain Go, saya sering kekurangan konten dalam bahasa Prancis, bahasa ibu saya. Hal itulah yang mendorong saya membuat video saya tersedia dalam sebanyak mungkin bahasa.	Menyiapkan dubbing dan subtitle dalam beberapa bahasa adalah pekerjaan besar untuk setiap video. Beri tahu saya dari mana kamu menonton: saya senang mengetahui bahwa karya saya bermanfaat di seberang dunia.	Saya juga membuat kanal Discord untuk setiap bahasa: mampir sapa dan temui pemain lain yang berbahasa Indonesia.	Bergabunglah dengan kanal bahasa Indonesia di Discord	Dan tentu saja, jika kamu suka kontennya, jangan lupa berlangganan dan bagikan.	Terima kasih sudah hadir, selamat bermain!	https://discord.gg/RdWjyftz	Permainan yang dikomentari dalam video 	Tautan YouTube	Tautan sgf	Unduh file .sgf dengan analisis katago	Beranda 19x19.win	Di bawah ini adalah video dengan audio dalam bahasa Anda, serta subtitle dalam bahasa Anda. Video ini dihosting di Google Drive karena YouTube belum mengizinkan kanal menambahkan sulih suara audio.	Tautan ke folder Google Drive yang berisi semua video bersulih suara	Sedang menonton video di Google Drive? Tetap jangan lupa beri like di YouTube!	Di bawah ini adalah video YouTube (tanpa sulih suara dalam bahasa Anda, tetapi dengan subtitle dalam bahasa Anda). Saya berharap YouTube segera mengizinkan saya menambahkan trek audio sulih suara saya sendiri.	Permainan Go dengan komentar	1d di FOX	2d di FOX	3d di FOX	4d di FOX	5d di FOX	Uji variasi Anda sendiri:	Unduhan file dengan analisis KataGo:	Diskusi khusus (di Discord) tentang permainan ini:	Informasi saluran:	Saluran Discord:	2d FOX	3d FOX							
th	บทวิจารณ์เกมหมากล้อม	เว็บไซต์ของช่อง YouTube	ดาวน์โหลดไฟล์ SGF	โปรดสนับสนุนฉันทางการเงินหากคุณสามารถทำได้	ภาษาที่มีให้สำหรับเสียงพากย์และคำบรรยาย:	ข้อความถึงผู้เล่นโกะที่พูดภาษาไทย	วิดีโอทั้งหมดของฉันมีทั้งพากย์เสียงและคำบรรยายภาษาไทย รวมถึงในภาษาอื่นๆ อีกมากมาย	ตั้งแต่ฉันเริ่มเล่นโกะ ฉันมักจะขาดแคลนคอนเทนต์เป็นภาษาฝรั่งเศส ซึ่งเป็นภาษาแม่ของฉัน นี่แหละที่ทำให้ฉันตั้งใจทำให้วิดีโอของฉันเข้าถึงได้ในหลายภาษาให้ได้มากที่สุด	การเตรียมพากย์เสียงและคำบรรยายหลายภาษานั้นเป็นงานใหญ่สำหรับวิดีโอแต่ละคลิป บอกฉันหน่อยว่าคุณดูจากที่ไหน ฉันจะดีใจที่ได้รู้ว่างานของฉันมีประโยชน์แม้อยู่คนละซีกโลก	ฉันยังสร้างช่อง Discord สำหรับแต่ละภาษาไว้ด้วย แวะมาทักทายและพบกับผู้เล่นคนอื่นๆ ที่พูดภาษาไทย	เข้าร่วมช่องภาษาไทยบน Discord	และแน่นอน ถ้าคุณชอบคอนเทนต์นี้ อย่าลืมกดติดตามและแชร์ต่อ	ขอบคุณที่อยู่ตรงนี้ และขอให้เล่นเกมให้สนุก!	https://discord.gg/RdWjyftz	เกมที่มีการบรรยายในวิดีโอ 	ลิงก์ YouTube	ลิงก์ sgf	ดาวน์โหลดไฟล์ .sgf พร้อมการวิเคราะห์ katago	หน้าแรกของ 19x19.win	ด้านล่างคือวิดีโอที่มีเสียงเป็นภาษาของคุณ พร้อมทั้งคำบรรยายเป็นภาษาของคุณ วิดีโอนี้โฮสต์อยู่บน Google Drive เนื่องจาก YouTube ยังไม่อนุญาตให้ช่องเพิ่มแทร็กเสียงพากย์.	ลิงก์ไปยังโฟลเดอร์ Google Drive ที่มีวิดีโอพากย์ทั้งหมด	กำลังดูวิดีโอบน Google Drive อยู่ใช่ไหม? อย่างไรก็อย่าลืมกดไลก์บน YouTube!	ด้านล่างคือวิดีโอ YouTube (ไม่มีเสียงพากย์เป็นภาษาของคุณ แต่มี้คำบรรยายเป็นภาษาของคุณ) ฉันหวังว่า YouTube จะอนุญาตให้ฉันเพิ่มเสียงพากย์ของฉันเองในเร็วๆ นี้.	เกมโกะพร้อมคำบรรยาย	1d บน FOX	2d บน FOX	3d บน FOX	4d บน FOX	5d บน FOX	ทดสอบรูปแบบของคุณเอง:	ดาวน์โหลดไฟล์พร้อมการวิเคราะห์ของ KataGo:	การอภิปรายเฉพาะ (บน Discord) เกี่ยวกับเกมหมากล้อมนี้:	ข้อมูลของช่อง:	ช่อง Discord:	2d FOX	3d FOX							
he	פרשנות למשחק גו	האתר של ערוץ YouTube	הורדת קובצי SGF	תמכו בי כלכלית אם אתם יכולים	שפות זמינות לדיבוב שמע ולכתוביות:	הודעה לשחקני ושחקניות גו המדברים עברית	כל הסרטונים שלי מדובבים ומלווּים בכתוביות בעברית, וכן בשפות רבות נוספות.	מאז שאני משחק בגו, לעיתים קרובות חסר לי תוכן בצרפתית, שפת אמי. זה מה שדחף אותי להפוך את הסרטונים שלי לנגישים בכמה שיותר שפות.	הכנת דיבוב וכתוביות במספר שפות היא עבודה משמעותית לכל סרטון. ספר/י לי מאיפה אתה/את צופה – ישמח אותי לדעת שהעבודה שלי מועילה גם בצד השני של העולם.	יצרתי גם ערוץ Discord לכל שפה: בוא/י לומר שלום ולהכיר שחקנים ושחקניות נוספים הדוברים עברית.	הצטרף/י לערוץ בעברית ב‑Discord	וכמובן, אם התוכן מוצא חן בעיניך, הירשם/הירשמי ושתף/י.	תודה על הנוכחות, ומשחק נעים!	https://discord.gg/RdWjyftz	משחק עם פרשנות בווידאו 	קישור ל-YouTube	קישור ל-sgf	הורד את קובץ ה-.sgf עם ניתוח katago	דף הבית של 19x19.win	להלן הווידאו עם שמע בשפתכם, וכן כתוביות בשפתכם. הווידאו הזה מתארח ב‑Google Drive משום ש‑YouTube עדיין אינו מאפשר לערוץ להוסיף רצועות שמע מדובבות.	קישור לתיקיית Google Drive המכילה את כל הסרטונים המדובבים	אתם צופים בסרטון ב-Google Drive? בכל זאת אל תשכחו להשאיר לייק ביוטיוב!	להלן סרטון YouTube (ללא דיבוב בשפתכם, אך עם כתוביות בשפתכם). אני מקווה ש-YouTube יאפשר בקרוב להוסיף את רצועות הדיבוב שלי.	משחק גו עם פרשנות	1d ב-FOX	2d ב-FOX	3d ב-FOX	4d ב-FOX	5d ב-FOX	בדקו את הווריאציות שלכם:	הורדת הקובץ עם הניתוח של KataGo:	דיונים ספציפיים (ב־Discord) על המשחק הזה:	מידע על הערוץ:	הערוץ ב־Discord:	2d FOX	3d FOX							
ar	تعليق على مباراة في الغو	موقع قناة يوتيوب	تنزيل ملفات SGF	ادعموني مالياً إذا استطعتم	اللغات المتاحة للدبلجة الصوتية والترجمة النصية:	رسالة إلى لاعبي ولاعبات غو الذين يتحدثون العربية	جميع مقاطع الفيديو الخاصة بي مدبلجة ومصحوبة بترجمة باللغة العربية، وكذلك بلغات عديدة أخرى.	منذ أن بدأت ألعب غو، كثيرًا ما افتقدتُ محتوى باللغة الفرنسية، لغتي الأم. وهذا ما دفعني إلى إتاحة مقاطع الفيديو الخاصة بي بأكبر عدد ممكن من اللغات.	إعداد الدبلجة والترجمة بعدة لغات هو عمل كبير لكل فيديو. أخبرني من أين تشاهد: يسعدني أن أعلم أن عملي مفيد في الجهة الأخرى من العالم.	لقد أنشأت أيضًا قناة على ديسكورد لكل لغة: تعال/تعالي لإلقاء التحية والتعرّف إلى لاعبين ولاعبات آخرين يتحدثون العربية.	انضم إلى القناة العربية على ديسكورد	وبالطبع، إن أعجبك المحتوى فاشترك/ي وشاركه مع من حولك.	شكرًا لحضورك، وبالتوفيق في المباراة!	https://discord.gg/RdWjyftz	مباراة مشروحة في الفيديو 	رابط YouTube	رابط sgf	تنزيل ملف .sgf مع تحليل katago	الصفحة الرئيسية لـ 19x19.win	فيما يلي الفيديو مع الصوت بلغتك، وكذلك الترجمات بلغتك. هذا الفيديو مستضاف على Google Drive لأن YouTube لا يسمح للقناة حتى الآن بإضافة مسارات صوتية مدبلجة.	رابط إلى مجلد Google Drive الذي يحتوي على جميع مقاطع الفيديو المدبلجة	هل تشاهد الفيديو على Google Drive؟ مع ذلك لا تنسَ وضع إعجاب على YouTube!	فيما يلي فيديو YouTube (من دون دبلجة صوتية بلغتك، ولكن مع ترجمات بلغتك). آمل أن يسمح YouTube قريبًا بإضافة دبلجاتي الصوتية الخاصة.	مباراة غو مع تعليق	1d على FOX	2d على FOX	3d على FOX	4d على FOX	5d على FOX	اختبر تنويعاتك الخاصة:	تنزيل الملف مع تحليل KataGo:	مناقشات محددة (على Discord) حول هذه المباراة:	معلومات القناة:	قناة Discord:	2d FOX	3d FOX							
fa	شرح یک بازی گو	وب‌سایت کانال یوتیوب	دانلود فایل‌های SGF	در صورت امکان از نظر مالی از من حمایت کنید	زبان‌های موجود برای دوبلهٔ صوتی و زیرنویس‌ها:	پیام به بازیکنان گو که فارسی صحبت می‌کنند	تمام ویدئوهای من با دوبله و زیرنویس فارسی ارائه می‌شوند و همچنین به زبان‌های متعدد دیگر.	از زمانی که گو بازی می‌کنم، اغلب از نبود محتوای فرانسوی، زبان مادری‌ام، رنج برده‌ام. همین باعث شد ویدئوهایم را در بیشترین تعداد زبان ممکن در دسترس قرار دهم.	آماده‌سازی دوبله و زیرنویس در چندین زبان برای هر ویدئو کار قابل‌توجهی است. به من بگو از کجا تماشا می‌کنی؛ دانستن اینکه کارم در آن سوی دنیا هم به کار می‌آید خوشحالم می‌کند.	برای هر زبان یک کانال دیسکورد هم ساخته‌ام: بیا سلامی بده و با دیگر بازیکنان فارسی‌زبان آشنا شو.	به کانال فارسی در دیسکورد بپیوند	و البته اگر از محتوا خوشت آمد، عضو شو و آن را به اشتراک بگذار.	از حضورت سپاسگزارم و بازی خوبی داشته باشی!	https://discord.gg/RdWjyftz	بازیِ شرح‌شده در ویدیو 	لینک YouTube	لینک sgf	دانلود فایل .sgf با تحلیل katago	صفحه اصلی 19x19.win	در ادامه ویدئو با صدا به زبان شما و همچنین زیرنویس به زبان شما آمده است. این ویدئو روی Google Drive میزبانی می‌شود، زیرا YouTube هنوز به کانال اجازه افزودن دوبله‌های صوتی را نمی‌دهد.	پیوند به پوشهٔ Google Drive که شامل همهٔ ویدئوهای دوبله‌شده است	دارید ویدیو را در Google Drive می‌بینید؟ با این حال یادتان نرود در YouTube یک لایک بگذارید!	در ادامه ویدئوی YouTube قرار دارد (بدون دوبلهٔ صوتی به زبان شما، اما با زیرنویس به زبان شما). امیدوارم YouTube به‌زودی اجازهٔ افزودن دوبله‌های صوتی خودم را بدهد.	بازی گو با تفسیر	1d در FOX	2d در FOX	3d در FOX	4d در FOX	5d در FOX	واریانت‌های خود را آزمایش کنید:	دانلود فایل همراه با تحلیل KataGo:	گفت‌وگوهای ویژه (در Discord) دربارهٔ این بازی:	اطلاعات کانال:	کانال دیسکورد:	2d FOX	3d FOX							
sv	Kommentar till ett go-parti	Webbplats för YouTube-kanalen	Nedladdning av SGF-filer	Stöd mig ekonomiskt om du kan	Tillgängliga språk för dubbning och undertexter:	Meddelande till Go-spelare som pratar svenska	Alla mina videor är dubbade och textade på svenska, samt på många andra språk.	Sedan jag började spela Go har jag ofta saknat innehåll på franska, mitt modersmål. Det fick mig att göra mina videor tillgängliga på så många språk som möjligt.	Att förbereda dubbning och undertexter på flera språk innebär mycket arbete för varje video. Berätta var du tittar från – det gläder mig att veta att mitt arbete gör nytta på andra sidan jorden.	Jag har också skapat en Discord-kanal för varje språk: kom och säg hej och träffa andra spelare som pratar svenska.	Gå med i den svenska kanalen på Discord	Och om du gillar innehållet, prenumerera gärna och dela det vidare.	Tack för att du är här, och ha en trevlig match!	https://discord.gg/RdWjyftz	Kommenterat parti i videon 	YouTube-link	sgf-link	Ladda ner .sgf-filen med katago-analys	Startsida för 19x19.win	Nedan finns videon med ljud på ditt språk samt undertexter på ditt språk. Den här videon är hostad på Google Drive eftersom YouTube ännu ikke tillåter kanalen att lägga till dubbade ljudspår.	Länk till Google Drive-mappen som innehåller alla dubbade videor	Tittar du på videon på Google Drive? Glöm ändå inte att lämna en tumme upp på YouTube!	Nedan finns YouTube-videon (utan dubbning på ditt språk, men med undertexter på ditt språk). Jag hoppas att YouTube snart tillåter att jag lägger till mina egna dubbade ljudspår.	Kommenterat go-parti	1d på FOX	2d på FOX	3d på FOX	4d på FOX	5d på FOX	Testa dina egna varianter:	Nedladdning av filen med KataGo-analys:	Specifika diskussioner (på Discord) om detta parti:	Information om kanalen:	Discord-kanalen:	2d FOX	3d FOX							
fi	Go-pelin selostus	YouTube-kanavan verkkosivusto	SGF-tiedostojen lataus	Tue minua taloudellisesti, jos voit	Saatavilla olevat kielet dubbausta ja tekstitystä varten:	Viesti Go-pelaajille, jotka puhuvat suomea	Kaikki videoni on dubattu ja tekstitetty suomeksi sekä monilla muilla kielillä.	Siitä asti kun olen pelannut Go:ta, olen usein kaivannut ranskankielistä sisältöä, joka on äidinkieleni. Se sai minut tekemään videoni saataville mahdollisimman monella kielellä.	Dubbauksen ja tekstitysten valmistelu useille kielille on iso työ jokaiselle videolle. Kerro, mistä katsot – on ilo tietää, että työstäni on hyötyä myös maailman toisella puolen.	Olen myös luonut Discord‑kanavan jokaista kieltä varten: tule moikkaamaan ja tapaamaan muita suomea puhuvia pelaajia.	Liity suomenkieliseen kanavaan Discordissa	Ja totta kai, jos pidät sisällöstä, tilaa ja jaa eteenpäin.	Kiitos, että olet mukana, ja hyvää peliä!	https://discord.gg/RdWjyftz	Kommentoitu peli videolla 	YouTube-linkki	sgf-linkki	Lataa .sgf-tiedosto katago-analyysillä	19x19.win:n etusivu	Alla on video, jossa on ääni omalla kielelläsi sekä tekstitys omalla kielelläsi. Tämä video on Google Drivessa, koska YouTube ei vielä salli kanavan lisätä dubattuja ääniraitoja.	Linkki Google Drive -kansioon, joka sisältää kaikki dubatut videot	Katsotko videota Google Drivessa? Muista silti jättää tykkäys YouTubeen!	Alla on YouTube-video (ilman oman kielesi äänidubbausta, mutta omankielisillä tekstityksillä). Toivon, että YouTube sallii pian omien dubattujen ääniraitojeni lisäämisen.	Kommentoitu go-peli	1d FOXissa	2d FOXissa	3d FOXissa	4d FOXissa	5d FOXissa	Testaa omat muunnelmasi:	Tiedoston lataus KataGo-analyysillä:	Erityiset keskustelut (Discordissa) tästä pelistä:	Kanavatiedot:	Discord-kanava:	2d FOX	3d FOX							
el	Σχόλιο για μια παρτίδα γκο	Ιστότοπος του καναλιού YouTube	Λήψη αρχείων SGF	Υποστηρίξτε με οικονομικά, αν μπορείτε	Διαθέσιμες γλώσσες για μεταγλώττιση ήχου και υπότιτλους:	Μήνυμα προς τους/τις παίκτες του Go που μιλούν ελληνικά	Όλα τα βίντεό μου είναι μεταγλωττισμένα και με υπότιτλους στα ελληνικά, καθώς και σε πολλές άλλες γλώσσες.	Από τότε που παίζω Go, συχνά μου έλειπε περιεχόμενο στα γαλλικά, τη μητρική μου γλώσσα. Αυτό με ώθησε να καταστήσω τα βίντεό μου διαθέσιμα σε όσο το δυνατόν περισσότερες γλώσσες.	Η προετοιμασία μεταγλώττισης και υποτίτλων σε πολλές γλώσσες είναι σημαντική δουλειά για κάθε βίντεο. Πες μου από πού παρακολουθείς· θα χαρώ να ξέρω ότι η δουλειά μου είναι χρήσιμη και στην άλλη άκρη του κόσμου.	Έχω επίσης δημιουργήσει ένα κανάλι στο Discord για κάθε γλώσσα: έλα να πεις ένα γεια και να γνωρίσεις άλλους/άλλες παίκτες που μιλούν ελληνικά.	Μπες στο ελληνικό κανάλι στο Discord	Και φυσικά, αν σου αρέσει το περιεχόμενο, κάνε εγγραφή και μοιράσου το.	Ευχαριστώ για την παρουσία σου και καλό παιχνίδι!	https://discord.gg/RdWjyftz	Σχολιασμένη παρτίδα στο βίντεο 	Σύνδεσμος YouTube	Σύνδεσμος sgf	Λήψη του αρχείου .sgf με ανάλυση katago	Αρχική σελίδα του 19x19.win	Παρακάτω βρίσκεται το βίντεο με ήχο στη γλώσσα σας, καθώς και υπότιτλους στη γλώσσα σας. Αυτό το βίντεο φιλοξενείται στο Google Drive, επειδή το YouTube δεν επιτρέπει ακόμη στο κανάλι να προσθέσει ντουμπλαρισμένα ηχητικά κομμάτια.	Σύνδεσμος προς τον φάκελο στο Google Drive που περιέχει όλα τα μεταγλωττισμένα βίντεο	Βλέπεις το βίντεο στο Google Drive; Παρ' όλα αυτά, μην ξεχάσεις να αφήσεις ένα like στο YouTube!	Παρακάτω βρίσκεται το βίντεο στο YouTube (χωρίς μεταγλωττισμένο ήχο στη γλώσσα σας, αλλά με υπότιτλους στη γλώσσα σας). Ελπίζω ότι το YouTube θα επιτρέψει σύντομα την προσθήκη των δικών μου μεταγλωττισμένων ηχητικών κομματιών.	Σχολιασμένη παρτίδα γκο	1 νταν στο FOX	2 νταν στο FOX	3 νταν στο FOX	4 νταν στο FOX	5 νταν στο FOX	Δοκιμάστε τις δικές σας παραλλαγές:	Λήψη του αρχείου με ανάλυση του KataGo:	Ειδικές συζητήσεις (στο Discord) για αυτήν την παρτίδα:	Πληροφορίες καναλιού:	Το κανάλι στο Discord:	2d FOX	3d FOX							
sr	Komentar go partije	Веб‑сајт YouTube канала	Преузимање SGF датотека	Podržite me finansijski ako možete	Доступни језици за синхронизацију и титлове:	Порука играчима Го који говоре српски	Сви моји видео-снимци су синхронизовани и имају титлове на српском, као и на многим другим језицима.	Откад играм Го, често ми је недостајао садржај на француском, мом матерњем језику. То ме је навело да своје видео-снимке учиним доступним на што већем броју језика.	Припрема синхронизације и титлова на више језика представља велики посао за сваки видео. Реци ми одакле гледаш: обрадоваће ме да знам да је мој рад користан и на другом крају света.	За сваки језик постоји Discord канал: сврати да се јавиш и упознај друге играче који говоре српски.	Придружи се српском каналу на Дискорду	И наравно, ако ти се садржај допада, претплати се и подели га.	Хвала ти на присуству и срећна партија!	https://discord.gg/RdWjyftz	Komentarisana partija u videu 	Link ka YouTube-u	Link ka sgf	Преузми датотеку .sgf са анализом katago	Почетна страница 19x19.win	Ispod je video sa zvukom na vašem jeziku, kao i titlovi na vašem jeziku. Ovaj video je hostovan na Google Drive-u jer YouTube još uvek ne dozvoljava kanalu da doda sinhronizovane zvučne trake.	Veza ka Google Drive fascikli koja sadrži sve sinhronizovane video-zapise	Gledate video na Google Drive-u? Ipak, ne zaboravite da ostavite lajk na YouTube-u!	Ispod je YouTube video (bez sinhronizovanog zvuka na vašem jeziku, ali sa titlovima na vašem jeziku). Nadam se da će YouTube uskoro omogućiti dodavanje mojih sopstvenih sinhronizovanih audio-traka.	Коментарисана партија го	1 дан на FOX-у	2 дан на FOX-у	3 дан на FOX-у	4 дан на FOX-у	5 дан на FOX-у	Isprobajte sopstvene varijante:	Preuzimanje fajla sa analizom KataGo:	Специфичне дискусије (на Дискорду) о овој партији:	Информације о каналу:	Канал на Дискорду:	2d FOX	3d FOX							
hr	Komentar go partije	Web stranica YouTube kanala	Preuzimanje SGF datoteka	Podržite me financijski ako možete	Dostupni jezici za sinkronizaciju zvuka i titlove:	Poruka igračima Goa koji govore hrvatski	Svi moji videozapisi su sinkronizirani i imaju titlove na hrvatskom, kao i na mnogim drugim jezicima.	Otkako igram Go, često mi je nedostajao sadržaj na francuskom, mom materinskom jeziku. To me potaknulo da svoje videozapise učinim dostupnima na što većem broju jezika.	Priprema sinkronizacije i titlova na više jezika predstavlja puno posla za svaki videozapis. Reci mi odakle gledaš; bit će mi drago znati da je moj rad koristan na drugom kraju svijeta.	Također sam napravio Discord kanal za svaki jezik: dođi pozdraviti i upoznaj druge igrače koji govore hrvatski.	Pridruži se hrvatskom kanalu na Discordu	I naravno, ako ti se sviđa sadržaj, pretplati se i podijeli ga.	Hvala ti na prisutnosti i sretna partija!	https://discord.gg/RdWjyftz	Komentirana partija u videu 	Poveznica na YouTube	Poveznica na sgf	Preuzmi datoteku .sgf s analizom katago	Početna stranica 19x19.win	Ispod je videozapis sa zvukom na vašem jeziku, kao i titlovi na vašem jeziku. Ovaj je videozapis smješten na Google Driveu jer YouTube još ne dopušta kanalu dodavanje sinkroniziranih zvučnih zapisa.	Poveznica na Google Drive mapu koja sadrži sve sinkronizirane videozapise	Gledate video na Google Driveu? Ipak, ne zaboravite ostaviti lajk na YouTubeu!	Ispod je YouTube videozapis (bez sinkroniziranog zvuka na vašem jeziku, ali s titlovima na vašem jeziku). Nadam se da će YouTube uskoro dopustiti dodavanje mojih vlastitih sinkroniziranih zvučnih zapisa.	Komentirana go-partija	1 dan na FOX-u	2 dan na FOX-u	3 dan na FOX-u	4 dan na FOX-u	5 dan na FOX-u	Isprobajte vlastite varijante:	Preuzimanje datoteke s analizom KataGo:	Specifične rasprave (na Discordu) o ovoj partiji:	Informacije o kanalu:	Kanal na Discordu:	2d FOX	3d FOX							
bs	Komentar go partije	Web stranica YouTube kanala	Preuzimanje SGF datoteka	Podržite me finansijski ako možete	Dostupni jezici za sinhronizaciju zvuka i titlove:	Poruka igračima Goa koji govore bosanski	Svi moji videozapisi su sinhronizirani i imaju titlove na bosanskom, kao i na mnogim drugim jezicima.	Otkako igram Go, često mi je nedostajalo sadržaja na francuskom, mom maternjem jeziku. To me navelo da svoje videozapise učinim dostupnim na što je moguće više jezika.	Priprema sinhronizacije i titlova na više jezika je veliki posao za svaki videozapis. Reci mi odakle gledaš: obradovat će me saznanje da je moj rad koristan na drugoj strani svijeta.	Također sam napravio Discord kanal za svaki jezik: dođi da se pozdraviš i upoznaj druge igrače koji govore bosanski.	Pridruži se bosanskom kanalu na Discordu	I naravno, ako ti se sviđa sadržaj, pretplati se i podijeli ga.	Hvala ti na prisustvu i sretna partija!	https://discord.gg/RdWjyftz	Komentarisana partija u videu 	Link za YouTube	Link za sgf	Preuzmi datoteku .sgf sa analizom katago	Početna stranica 19x19.win	Ispod je video sa zvukom na vašem jeziku, kao i titlovi na vašem jeziku. Ovaj video je hostovan na Google Driveu jer YouTube još ne dozvoljava kanalu da doda sinhronizovane zvučne trake.	Veza do Google Drive fascikle koja sadrži sve sinhronizovane videozapise	Gledate video na Google Driveu? Ipak, ne zaboravite ostaviti lajk na YouTubeu!	Ispod je YouTube video (bez sinhronizovanog zvuka na vašem jeziku, ali sa titlovima na vašem jeziku). Nadam se da će YouTube uskoro omogućiti dodavanje mojih vlastitih sinhronizovanih audio zapisa.	Komentarisana go partija	1 dan na FOX-u	2 dan na FOX-u	3 dan na FOX-u	4 dan na FOX-u	5 dan na FOX-u	Isprobajte vlastite varijante:	Preuzimanje datoteke sa analizom KataGo:	Specifične rasprave (na Discordu) o ovoj partiji:	Informacije o kanalu:	Kanal na Discordu:	2d FOX	3d FOX							
bg	Коментар на партия по го	Уебсайт на канала в YouTube	Изтегляне на SGF файлове	Подкрепете ме финансово, ако можете	Налични езици за дублаж и субтитри:	Съобщение към играчите на Го, които говорят български	Всички мои видеа са дублирани и със субтитри на български, както и на много други езици.	Откакто играя Го, често ми е липсвало съдържание на френски, моя роден език. Това ме накара да направя видеата си достъпни на възможно най-много езици.	Подготовката на дублаж и субтитри на няколко езика е значителна работа за всяко видео. Кажи ми откъде гледаш: ще се радвам да знам, че трудът ми е полезен и от другата страна на света.	Създадох и Discord канал за всеки език: ела да кажеш „здравей“ и да се запознаеш с други играчи, които говорят български.	Присъедини се към българския канал в Discord	И разбира се, ако съдържанието ти харесва, абонирай се и сподели.	Благодаря ти за присъствието и успешна партия!	https://discord.gg/RdWjyftz	Коментирана партия във видеото 	Линк към YouTube	Линк към sgf	Изтегляне на файла .sgf с анализ на katago	Начална страница на 19x19.win	По-долу е видеото със звук на вашия език, както и със субтитри на вашия език. Това видео е хоствано в Google Drive, защото YouTube все още не позволява на канала да добавя дублирани аудиописти.	Връзка към папката в Google Drive, съдържаща всички дублирани видеоклипове	Гледате видеото в Google Drive? Все пак не забравяйте да оставите лайк в YouTube!	По-долу е видеото в YouTube (без дублаж на вашия език, но със субтитри на вашия език). Надявам се YouTube скоро да позволи добавянето на мои собствени дублирани аудиописти.	Коментирана партия го	1 дан във FOX	2 дан във FOX	3 дан във FOX	4 дан във FOX	5 дан във FOX	Тествайте собствените си варианти:	Изтегляне на файла с анализ на KataGo:	Специфични дискусии (в Discord) за тази партия:	Информация за канала:	Канал в Discord:	2d FOX	3d FOX							
da	Kommentar til et go-parti	Hjemmeside for YouTube-kanalen	Download af SGF-filer	Støt mig økonomisk, hvis du kan	Tilgængelige sprog til dubbing og undertekster:	Besked til go-spillere, der taler dansk	Alle mine videoer er dubbet og tekstet på dansk – samt på mange andre sprog.	Siden jeg begyndte at spille go, har jeg ofte manglet indhold på fransk, mit modersmål. Det fik mig til at gøre mine videoer tilgængelige på så mange sprog som muligt.	At forberede dubbing og undertekster på flere sprog er et stort arbejde for hver video. Fortæl mig, hvor du ser med fra – det gør mig glad at vide, at mit arbejde er nyttigt på den anden side af kloden.	Jeg har også oprettet en Discord-kanal for hvert sprog: kig forbi og sig hej, og mød andre spillere, der taler dansk.	Slut dig til den danske kanal på Discord	Og selvfølgelig, hvis du kan lide indholdet, så abonner og del det.	Tak fordi du er her, og god kamp!	https://discord.gg/RdWjyftz	Kommenteret parti i videoen 	YouTube-link	sgf-link	Download .sgf-filen med katago-analyse	Forside for 19x19.win	Nedenfor er videoen med lyd på dit sprog samt undertekster på dit sprog. Denne video er hostet på Google Drive, fordi YouTube endnu ikke tillader kanalen at tilføje dubbede lydspor.	Link til Google Drive-mappen, der indeholder alle de dubbede videoer	Ser du videoen på Google Drive? Husk alligevel at give et like på YouTube!	Nedenfor er YouTube-videoen (uden dubbing på dit sprog, men med undertekster på dit sprog). Jeg håber, at YouTube snart vil tillade, at jeg tilføjer mine egne dubbede lydspor.	Kommenteret go-parti	1d på FOX	2d på FOX	3d på FOX	4d på FOX	5d på FOX	Test dine egne varianter:	Download af filen med KataGo-analyse:	Specifikke diskussioner (på Discord) om dette parti:	Oplysninger om kanalen:	Discord-kanalen:	2d FOX	3d FOX							